payment_id,order_id,payment_date,payment_method,amount_paid,status
PAY-8000,ORD-5000,19-02-2025,Google Pay,64.35,Completed
PAY-8002,ORD-5001,14-07-2024,Apple Pay,17.6,Completed
PAY-8003,ORD-5002,12-04-2024,Google Pay,27.55,Completed
PAY-8007,ORD-5003,17-06-2024,Apple Pay,56.9,Completed
PAY-8010,ORD-5004,23-07-2024,Apple Pay,12.35,Completed
PAY-8013,ORD-5005,25-02-2024,PayPal,90,Completed
PAY-8017,ORD-5006,05-04-2025,Google Pay,32.95,Completed
PAY-8019,ORD-5007,23-09-2024,Debit Card,34,Completed
PAY-8021,ORD-5008,15-11-2024,Google Pay,43.65,Refunded
PAY-8024,ORD-5009,28-07-2024,Apple Pay,46.45,Completed
PAY-8027,ORD-5010,06-12-2024,Debit Card,55.65,Completed
PAY-8031,ORD-5011,04-06-2024,Debit Card,71.15,Completed
PAY-8034,ORD-5012,26-08-2024,Apple Pay,111.15,Completed
PAY-8038,ORD-5013,25-05-2024,Apple Pay,17.8,Completed
PAY-8041,ORD-5014,13-01-2024,Debit Card,11.6,Completed
PAY-8042,ORD-5015,11-03-2025,Google Pay,24.5,Completed
PAY-8043,ORD-5016,21-10-2024,Apple Pay,72,Completed
PAY-8045,ORD-5017,04-05-2024,Debit Card,17.4,Completed
PAY-8047,ORD-5018,05-08-2024,Apple Pay,49.2,Completed
PAY-8049,ORD-5019,12-10-2024,Apple Pay,14.9,Completed
PAY-8051,ORD-5020,07-12-2024,Credit Card,78.25,Refunded
PAY-8054,ORD-5021,16-08-2024,Google Pay,53.5,Completed
PAY-8056,ORD-5022,06-05-2024,PayPal,90.75,Refunded
PAY-8059,ORD-5023,09-02-2024,Debit Card,29.75,Completed
PAY-8062,ORD-5024,18-03-2024,PayPal,46.2,Completed
PAY-8064,ORD-5025,02-02-2024,Debit Card,55.9,Completed
PAY-8068,ORD-5026,08-04-2025,Debit Card,22,Completed
PAY-8069,ORD-5027,01-09-2024,Google Pay,12.5,Completed
PAY-8070,ORD-5028,18-07-2024,Google Pay,147.1,Completed
PAY-8074,ORD-5029,19-05-2024,Credit Card,65.2,Completed
PAY-8078,ORD-5030,25-03-2024,PayPal,53.25,Completed
PAY-8082,ORD-5031,12-02-2024,Debit Card,34.55,Completed
PAY-8086,ORD-5032,16-06-2024,PayPal,48.05,Completed
PAY-8089,ORD-5033,10-01-2024,Debit Card,10,Completed
PAY-8090,ORD-5034,05-02-2024,Apple Pay,5,Completed
PAY-8091,ORD-5035,12-04-2024,PayPal,3,Completed
PAY-8092,ORD-5036,05-03-2024,Debit Card,57.1,Completed
PAY-8096,ORD-5037,06-11-2024,PayPal,15,Completed
PAY-8097,ORD-5038,25-02-2024,Google Pay,14.5,Completed
PAY-8098,ORD-5039,09-04-2025,Credit Card,66.1,Completed
PAY-8102,ORD-5040,22-02-2024,Debit Card,76.2,Completed
PAY-8105,ORD-5041,26-06-2024,Google Pay,38.4,Completed
PAY-8109,ORD-5042,24-02-2024,Credit Card,65.35,Completed
PAY-8113,ORD-5043,24-09-2024,Debit Card,73.5,Completed
PAY-8116,ORD-5044,30-10-2024,Apple Pay,26,Completed
PAY-8119,ORD-5045,19-01-2025,Credit Card,41.9,Completed
PAY-8123,ORD-5046,06-09-2024,PayPal,25,Completed
PAY-8125,ORD-5047,25-12-2024,Google Pay,24.75,Completed
PAY-8128,ORD-5048,27-07-2024,Apple Pay,93.4,Completed
PAY-8132,ORD-5049,17-02-2024,Google Pay,44.1,Completed
PAY-8135,ORD-5050,07-07-2024,Google Pay,106.75,Completed
PAY-8139,ORD-5051,20-08-2024,Debit Card,28.15,Completed
PAY-8142,ORD-5052,02-03-2024,PayPal,41.8,Completed
PAY-8144,ORD-5053,05-01-2025,Apple Pay,19.3,Refunded
PAY-8147,ORD-5054,08-01-2024,Google Pay,14.95,Completed
PAY-8149,ORD-5055,23-12-2024,Credit Card,11.1,Completed
PAY-8151,ORD-5056,25-05-2024,Debit Card,60.6,Completed
PAY-8155,ORD-5057,24-02-2025,PayPal,18,Completed
PAY-8156,ORD-5058,22-10-2024,Credit Card,4.8,Completed
PAY-8157,ORD-5059,04-06-2024,Credit Card,2.9,Completed
PAY-8158,ORD-5060,26-01-2025,Debit Card,91.05,Completed
PAY-8162,ORD-5061,01-06-2024,Google Pay,33.5,Completed
PAY-8166,ORD-5062,18-04-2024,PayPal,23.2,Completed
PAY-8169,ORD-5063,21-03-2024,Apple Pay,18,Completed
PAY-8170,ORD-5064,31-10-2024,Apple Pay,67.2,Completed
PAY-8174,ORD-5065,17-12-2024,Google Pay,26.95,Completed
PAY-8176,ORD-5066,05-08-2024,Google Pay,15,Refunded
PAY-8177,ORD-5067,17-03-2024,Google Pay,16.1,Completed
PAY-8180,ORD-5068,18-01-2025,Credit Card,66.4,Completed
PAY-8183,ORD-5069,19-05-2024,Apple Pay,60,Completed
PAY-8187,ORD-5070,14-01-2024,Google Pay,15.95,Completed
PAY-8188,ORD-5071,27-10-2024,Apple Pay,55,Completed
PAY-8189,ORD-5072,22-10-2024,Debit Card,15,Completed
PAY-8190,ORD-5073,22-09-2024,Debit Card,32.95,Completed
PAY-8194,ORD-5074,28-07-2024,Credit Card,49.5,Completed
PAY-8197,ORD-5075,10-09-2024,PayPal,40.2,Refunded
PAY-8200,ORD-5076,10-06-2024,Google Pay,59.8,Completed
PAY-8203,ORD-5077,02-12-2024,Apple Pay,80.3,Completed
PAY-8207,ORD-5078,14-08-2024,Apple Pay,7.25,Completed
PAY-8208,ORD-5079,08-03-2024,PayPal,65.5,Completed
PAY-8211,ORD-5080,13-02-2025,Debit Card,26.55,Completed
PAY-8213,ORD-5081,09-10-2024,Credit Card,21,Completed
PAY-8217,ORD-5082,22-04-2025,Credit Card,72.75,Completed
PAY-8220,ORD-5083,04-05-2024,Google Pay,42.75,Completed
PAY-8224,ORD-5084,21-05-2024,Debit Card,55.85,Completed
PAY-8228,ORD-5085,03-12-2024,Credit Card,81.6,Completed
PAY-8232,ORD-5086,05-10-2024,Apple Pay,54.8,Completed
PAY-8236,ORD-5087,14-03-2025,PayPal,101.25,Completed
PAY-8240,ORD-5088,18-03-2024,PayPal,64.6,Completed
PAY-8244,ORD-5089,26-09-2024,Google Pay,56.6,Completed
PAY-8248,ORD-5090,04-02-2025,Google Pay,58.9,Completed
PAY-8251,ORD-5091,12-03-2025,PayPal,98.3,Completed
PAY-8255,ORD-5092,30-04-2024,Credit Card,44.4,Completed
PAY-8258,ORD-5093,22-03-2025,Google Pay,10.5,Completed
PAY-8259,ORD-5094,02-06-2024,PayPal,9,Completed
PAY-8260,ORD-5095,30-05-2024,PayPal,50.15,Completed
PAY-8263,ORD-5096,15-12-2024,Google Pay,19.8,Completed
PAY-8265,ORD-5097,13-11-2024,Apple Pay,41.4,Completed
PAY-8267,ORD-5098,22-11-2024,Credit Card,58.7,Completed
PAY-8270,ORD-5099,12-12-2024,Debit Card,37,Completed
PAY-8272,ORD-5100,23-11-2024,Debit Card,67.75,Completed
PAY-8276,ORD-5101,01-05-2024,Credit Card,50,Completed
PAY-8280,ORD-5102,20-05-2024,Apple Pay,11,Completed
PAY-8281,ORD-5103,16-01-2025,Apple Pay,12,Completed
PAY-8282,ORD-5104,02-03-2025,Credit Card,41.95,Completed
PAY-8285,ORD-5105,13-11-2024,Apple Pay,73,Completed
PAY-8288,ORD-5106,19-02-2024,Google Pay,11.6,Completed
PAY-8289,ORD-5107,23-10-2024,PayPal,51,Completed
PAY-8292,ORD-5108,30-03-2024,Apple Pay,36.9,Completed
PAY-8294,ORD-5109,12-04-2025,Credit Card,43.2,Completed
PAY-8297,ORD-5110,21-03-2025,Google Pay,23.4,Completed
PAY-8300,ORD-5111,05-01-2025,Apple Pay,67.3,Completed
PAY-8304,ORD-5112,04-03-2024,PayPal,116.25,Completed
PAY-8308,ORD-5113,25-02-2024,Debit Card,12.5,Completed
PAY-8310,ORD-5114,13-04-2025,Debit Card,12,Completed
PAY-8312,ORD-5115,03-06-2024,Google Pay,20.6,Completed
PAY-8316,ORD-5116,30-03-2025,Credit Card,45.5,Completed
PAY-8318,ORD-5117,22-12-2024,Apple Pay,62.25,Completed
PAY-8322,ORD-5118,27-07-2024,Credit Card,56,Completed
PAY-8325,ORD-5119,13-03-2025,Debit Card,46.2,Completed
PAY-8328,ORD-5120,22-07-2024,Debit Card,37,Completed
PAY-8331,ORD-5121,24-11-2024,PayPal,9,Completed
PAY-8332,ORD-5122,05-03-2024,Apple Pay,28,Completed
PAY-8334,ORD-5123,20-02-2025,Google Pay,57.5,Completed
PAY-8336,ORD-5124,21-05-2024,PayPal,18.75,Completed
PAY-8338,ORD-5125,04-12-2024,Google Pay,1.6,Completed
PAY-8339,ORD-5126,08-02-2025,Debit Card,10.5,Completed
PAY-8341,ORD-5127,27-01-2024,Debit Card,39,Completed
PAY-8343,ORD-5128,02-02-2024,PayPal,85.5,Completed
PAY-8347,ORD-5129,23-01-2024,PayPal,64.5,Completed
PAY-8350,ORD-5130,17-12-2024,PayPal,42,Completed
PAY-8351,ORD-5131,07-02-2024,Debit Card,25,Completed
PAY-8352,ORD-5132,03-02-2024,Google Pay,26.5,Completed
PAY-8354,ORD-5133,30-12-2024,Apple Pay,72.75,Refunded
PAY-8357,ORD-5134,08-08-2024,PayPal,60,Completed
PAY-8358,ORD-5135,12-03-2025,Google Pay,28.15,Completed
PAY-8360,ORD-5136,27-02-2025,Debit Card,69.75,Completed
PAY-8364,ORD-5137,10-07-2024,Google Pay,12.6,Completed
PAY-8366,ORD-5138,17-02-2024,Credit Card,63.75,Completed
PAY-8370,ORD-5139,14-10-2024,PayPal,40.1,Completed
PAY-8373,ORD-5140,04-08-2024,Debit Card,14.5,Completed
PAY-8374,ORD-5141,29-06-2024,Apple Pay,9,Refunded
PAY-8375,ORD-5142,20-03-2024,Debit Card,55.4,Completed
PAY-8379,ORD-5143,25-04-2024,Debit Card,91.6,Completed
PAY-8383,ORD-5144,07-11-2024,PayPal,46.9,Completed
PAY-8386,ORD-5145,28-06-2024,PayPal,4.8,Completed
PAY-8387,ORD-5146,02-12-2024,Google Pay,97.5,Completed
PAY-8391,ORD-5147,11-07-2024,Google Pay,73,Completed
PAY-8395,ORD-5148,13-02-2024,PayPal,4.8,Completed
PAY-8396,ORD-5149,12-11-2024,PayPal,2.4,Completed
PAY-8397,ORD-5150,14-08-2024,Debit Card,110.3,Completed
PAY-8401,ORD-5151,25-06-2024,Apple Pay,69.95,Completed
PAY-8405,ORD-5152,24-01-2024,Google Pay,24,Completed
PAY-8407,ORD-5153,03-06-2024,Debit Card,40,Completed
PAY-8409,ORD-5154,16-06-2024,Apple Pay,12,Completed
PAY-8410,ORD-5155,08-08-2024,PayPal,56.2,Completed
PAY-8412,ORD-5156,13-09-2024,PayPal,47.4,Completed
PAY-8415,ORD-5157,23-08-2024,Credit Card,13.2,Completed
PAY-8416,ORD-5158,07-08-2024,Apple Pay,80.25,Completed
PAY-8420,ORD-5159,14-02-2025,PayPal,46.05,Completed
PAY-8424,ORD-5160,24-07-2024,Credit Card,11.25,Completed
PAY-8425,ORD-5161,22-06-2024,Apple Pay,21,Completed
PAY-8427,ORD-5162,28-02-2024,Apple Pay,60,Completed
PAY-8429,ORD-5163,21-02-2025,Apple Pay,10.9,Completed
PAY-8431,ORD-5164,29-03-2024,Apple Pay,59.5,Completed
PAY-8433,ORD-5165,17-11-2024,Credit Card,134.5,Completed
PAY-8437,ORD-5166,15-11-2024,Apple Pay,38.7,Completed
PAY-8440,ORD-5167,14-08-2024,Apple Pay,48.5,Completed
PAY-8443,ORD-5168,07-06-2024,Google Pay,40,Completed
PAY-8447,ORD-5169,10-11-2024,Google Pay,142,Completed
PAY-8451,ORD-5170,06-04-2024,Credit Card,31.25,Completed
PAY-8454,ORD-5171,19-02-2025,Apple Pay,51.85,Completed
PAY-8457,ORD-5172,28-12-2024,Credit Card,91.1,Completed
PAY-8461,ORD-5173,28-07-2024,PayPal,35.7,Completed
PAY-8464,ORD-5174,17-06-2024,Apple Pay,41.25,Refunded
PAY-8465,ORD-5175,25-05-2024,Credit Card,57.5,Completed
PAY-8468,ORD-5176,05-12-2024,Google Pay,26.9,Completed
PAY-8470,ORD-5177,19-07-2024,Credit Card,19.5,Completed
PAY-8472,ORD-5178,11-07-2024,Apple Pay,47.4,Completed
PAY-8475,ORD-5179,12-04-2025,Debit Card,13.2,Completed
PAY-8476,ORD-5180,17-09-2024,Debit Card,22.05,Completed
PAY-8479,ORD-5181,05-09-2024,Apple Pay,7.55,Completed
PAY-8481,ORD-5182,08-03-2025,Credit Card,33.75,Completed
PAY-8482,ORD-5183,28-03-2025,PayPal,7.2,Completed
PAY-8483,ORD-5184,12-11-2024,Apple Pay,11.8,Completed
PAY-8485,ORD-5185,01-03-2025,Google Pay,46.5,Completed
PAY-8487,ORD-5186,12-12-2024,Google Pay,52.4,Completed
PAY-8489,ORD-5187,29-04-2024,Google Pay,20.4,Completed
PAY-8491,ORD-5188,13-12-2024,Apple Pay,93,Completed
PAY-8495,ORD-5189,14-02-2025,Credit Card,27.5,Completed
PAY-8497,ORD-5190,23-03-2025,Google Pay,52.4,Completed
PAY-8500,ORD-5191,12-02-2024,PayPal,22.85,Completed
PAY-8502,ORD-5192,16-02-2024,Credit Card,20.1,Completed
PAY-8504,ORD-5193,28-01-2024,PayPal,43.1,Completed
PAY-8508,ORD-5194,21-04-2025,Credit Card,26.4,Completed
PAY-8509,ORD-5195,20-06-2024,Apple Pay,13.2,Completed
PAY-8511,ORD-5196,01-03-2025,Credit Card,88,Completed
PAY-8513,ORD-5197,03-01-2024,Apple Pay,7.5,Completed
PAY-8514,ORD-5198,03-03-2025,Google Pay,54,Completed
PAY-8516,ORD-5199,26-02-2024,PayPal,18.9,Completed
PAY-8519,ORD-5200,10-02-2025,Apple Pay,46.1,Completed
PAY-8523,ORD-5201,21-10-2024,PayPal,23.65,Completed
PAY-8525,ORD-5202,10-11-2024,Google Pay,34.45,Completed
PAY-8528,ORD-5203,25-09-2024,PayPal,92.25,Completed
PAY-8531,ORD-5204,11-01-2024,PayPal,65,Completed
PAY-8535,ORD-5205,01-07-2024,Credit Card,10,Completed
PAY-8536,ORD-5206,02-12-2024,Debit Card,50,Completed
PAY-8537,ORD-5207,22-01-2025,Apple Pay,51.6,Completed
PAY-8540,ORD-5208,01-03-2025,PayPal,72.6,Completed
PAY-8544,ORD-5209,22-08-2024,PayPal,5.8,Refunded
PAY-8545,ORD-5210,09-02-2025,Credit Card,22.05,Completed
PAY-8547,ORD-5211,21-02-2025,Debit Card,66.2,Completed
PAY-8551,ORD-5212,18-06-2024,Apple Pay,60.75,Completed
PAY-8554,ORD-5213,22-06-2024,Google Pay,63,Completed
PAY-8556,ORD-5214,16-05-2024,Google Pay,31.5,Completed
PAY-8557,ORD-5215,08-08-2024,PayPal,23.75,Completed
PAY-8559,ORD-5216,16-06-2024,Apple Pay,30.35,Completed
PAY-8562,ORD-5217,15-08-2024,Apple Pay,37.5,Completed
PAY-8565,ORD-5218,23-11-2024,Google Pay,16.5,Completed
PAY-8566,ORD-5219,26-07-2024,Google Pay,53.1,Completed
PAY-8569,ORD-5220,13-12-2024,Google Pay,80.5,Completed
PAY-8573,ORD-5221,17-10-2024,PayPal,3,Completed
PAY-8574,ORD-5222,18-08-2024,PayPal,33,Completed
PAY-8577,ORD-5223,06-07-2024,Debit Card,48.3,Completed
PAY-8581,ORD-5224,22-09-2024,Credit Card,65.25,Completed
PAY-8585,ORD-5225,21-12-2024,Google Pay,52.6,Completed
PAY-8589,ORD-5226,18-02-2025,Credit Card,49.95,Completed
PAY-8592,ORD-5227,01-04-2025,Apple Pay,110.1,Refunded
PAY-8595,ORD-5228,10-02-2025,PayPal,36,Completed
PAY-8598,ORD-5229,08-02-2025,Google Pay,111.5,Completed
PAY-8602,ORD-5230,09-11-2024,Google Pay,7.5,Completed
PAY-8603,ORD-5231,02-01-2025,Google Pay,87.75,Completed
PAY-8607,ORD-5232,24-11-2024,Apple Pay,28,Completed
PAY-8608,ORD-5233,21-09-2024,Debit Card,31.2,Completed
PAY-8611,ORD-5234,14-09-2024,Credit Card,4.4,Completed
PAY-8612,ORD-5235,19-03-2024,Debit Card,43.5,Completed
PAY-8615,ORD-5236,03-04-2025,Apple Pay,21,Completed
PAY-8618,ORD-5237,05-03-2024,Apple Pay,26.1,Completed
PAY-8621,ORD-5238,24-10-2024,Credit Card,29.6,Completed
PAY-8623,ORD-5239,21-06-2024,PayPal,2.2,Completed
PAY-8624,ORD-5240,24-01-2024,Debit Card,77.3,Completed
PAY-8627,ORD-5241,16-01-2024,Apple Pay,54.3,Completed
PAY-8631,ORD-5242,01-06-2024,PayPal,75,Completed
PAY-8635,ORD-5243,23-06-2024,Credit Card,60,Completed
PAY-8637,ORD-5244,23-07-2024,Google Pay,63.75,Refunded
PAY-8639,ORD-5245,12-06-2024,Apple Pay,18.6,Completed
PAY-8641,ORD-5246,13-03-2024,Google Pay,7.5,Completed
PAY-8642,ORD-5247,18-03-2025,Debit Card,39.55,Completed
PAY-8646,ORD-5248,22-03-2024,Debit Card,61.5,Completed
PAY-8650,ORD-5249,22-08-2024,Google Pay,17,Refunded
PAY-8652,ORD-5250,24-05-2024,Debit Card,36.65,Completed
PAY-8656,ORD-5251,09-03-2024,Google Pay,64.5,Completed
PAY-8659,ORD-5252,27-01-2024,Google Pay,25.4,Completed
PAY-8661,ORD-5253,15-09-2024,Apple Pay,76,Completed
PAY-8665,ORD-5254,20-07-2024,PayPal,67.5,Completed
PAY-8668,ORD-5255,04-11-2024,PayPal,44.45,Completed
PAY-8672,ORD-5256,21-08-2024,PayPal,18.6,Completed
PAY-8674,ORD-5257,12-06-2024,Credit Card,45,Completed
PAY-8676,ORD-5258,21-06-2024,Credit Card,73.8,Completed
PAY-8680,ORD-5259,26-02-2024,PayPal,92.6,Completed
PAY-8684,ORD-5260,30-08-2024,Apple Pay,20.5,Completed
PAY-8687,ORD-5261,02-09-2024,Debit Card,86.25,Completed
PAY-8689,ORD-5262,06-03-2025,PayPal,37.05,Completed
PAY-8693,ORD-5263,13-08-2024,PayPal,43.9,Completed
PAY-8696,ORD-5264,31-01-2025,Debit Card,59.4,Completed
PAY-8700,ORD-5265,15-06-2024,Debit Card,87.75,Completed
PAY-8704,ORD-5266,12-12-2024,Google Pay,26.85,Completed
PAY-8707,ORD-5267,25-04-2024,Credit Card,97,Completed
PAY-8710,ORD-5268,11-06-2024,Debit Card,104.75,Completed
PAY-8714,ORD-5269,05-10-2024,Google Pay,47.35,Completed
PAY-8718,ORD-5270,26-06-2024,Credit Card,67.6,Completed
PAY-8722,ORD-5271,22-04-2025,PayPal,19.2,Completed
PAY-8725,ORD-5272,26-01-2024,Debit Card,7.8,Completed
PAY-8727,ORD-5273,18-06-2024,Apple Pay,56.2,Completed
PAY-8731,ORD-5274,23-04-2025,Credit Card,59.45,Completed
PAY-8735,ORD-5275,15-02-2024,Apple Pay,49.5,Completed
PAY-8737,ORD-5276,01-08-2024,Apple Pay,50.5,Completed
PAY-8739,ORD-5277,24-04-2025,Google Pay,18,Completed
PAY-8742,ORD-5278,25-05-2024,Apple Pay,72.7,Completed
PAY-8746,ORD-5279,18-02-2025,Apple Pay,7.5,Completed
PAY-8747,ORD-5280,22-08-2024,Credit Card,44,Completed
PAY-8750,ORD-5281,11-12-2024,Debit Card,40.2,Completed
PAY-8752,ORD-5282,27-02-2025,Debit Card,40.2,Completed
PAY-8756,ORD-5283,14-06-2024,Credit Card,16.5,Completed
PAY-8758,ORD-5284,20-01-2025,Debit Card,25.5,Completed
PAY-8761,ORD-5285,30-11-2024,Debit Card,46.5,Completed
PAY-8764,ORD-5286,22-03-2024,PayPal,48.3,Completed
PAY-8768,ORD-5287,10-11-2024,Credit Card,14.85,Completed
PAY-8770,ORD-5288,17-01-2025,Apple Pay,102,Completed
PAY-8773,ORD-5289,26-02-2025,PayPal,32,Completed
PAY-8775,ORD-5290,26-09-2024,Apple Pay,65.5,Completed
PAY-8779,ORD-5291,13-04-2024,Credit Card,29.4,Completed
PAY-8781,ORD-5292,29-02-2024,Debit Card,52,Completed
PAY-8783,ORD-5293,16-08-2024,Debit Card,10.5,Completed
PAY-8784,ORD-5294,31-07-2024,Debit Card,41.5,Completed
PAY-8788,ORD-5295,10-05-2024,Apple Pay,18,Completed
PAY-8789,ORD-5296,07-02-2024,Debit Card,13.5,Completed
PAY-8790,ORD-5297,02-02-2024,Debit Card,12,Completed
PAY-8791,ORD-5298,26-05-2024,Debit Card,122.8,Completed
PAY-8795,ORD-5299,17-08-2024,Debit Card,55.1,Completed
PAY-8799,ORD-5300,01-03-2024,PayPal,37.5,Completed
PAY-8801,ORD-5301,24-04-2024,Apple Pay,5,Completed
PAY-8802,ORD-5302,25-08-2024,Apple Pay,54.15,Completed
PAY-8806,ORD-5303,06-04-2024,PayPal,16.5,Completed
PAY-8807,ORD-5304,10-11-2024,Apple Pay,5.8,Completed
PAY-8808,ORD-5305,21-02-2024,Google Pay,35,Completed
PAY-8809,ORD-5306,26-12-2024,Debit Card,17.4,Completed
PAY-8810,ORD-5307,24-07-2024,Credit Card,34.7,Completed
PAY-8814,ORD-5308,21-10-2024,Google Pay,78.2,Completed
PAY-8817,ORD-5309,03-06-2024,PayPal,20.95,Completed
PAY-8819,ORD-5310,20-05-2024,Credit Card,37.5,Completed
PAY-8820,ORD-5311,11-04-2025,Google Pay,33.45,Completed
PAY-8822,ORD-5312,25-01-2024,Debit Card,63.45,Completed
PAY-8825,ORD-5313,28-07-2024,Google Pay,24.55,Completed
PAY-8827,ORD-5314,03-05-2024,Debit Card,30.2,Completed
PAY-8829,ORD-5315,14-10-2024,Credit Card,46.3,Completed
PAY-8833,ORD-5316,27-11-2024,Debit Card,21,Completed
PAY-8834,ORD-5317,01-10-2024,Debit Card,32.25,Completed
PAY-8836,ORD-5318,04-11-2024,PayPal,4.4,Completed
PAY-8837,ORD-5319,15-02-2025,PayPal,27.2,Completed
PAY-8839,ORD-5320,10-04-2025,Google Pay,5.8,Completed
PAY-8840,ORD-5321,01-03-2024,Apple Pay,52.6,Completed
PAY-8844,ORD-5322,01-02-2025,Debit Card,71.75,Completed
PAY-8847,ORD-5323,03-07-2024,Debit Card,96.7,Completed
PAY-8851,ORD-5324,30-07-2024,Google Pay,4,Completed
PAY-8852,ORD-5325,15-03-2024,Credit Card,13.05,Completed
PAY-8853,ORD-5326,23-10-2024,Debit Card,27.2,Completed
PAY-8857,ORD-5327,08-10-2024,Debit Card,97.1,Completed
PAY-8860,ORD-5328,27-03-2024,Debit Card,55.8,Completed
PAY-8863,ORD-5329,24-11-2024,PayPal,3.75,Completed
PAY-8864,ORD-5330,22-02-2025,Google Pay,5,Completed
PAY-8865,ORD-5331,11-03-2024,Google Pay,19.6,Completed
PAY-8867,ORD-5332,15-09-2024,PayPal,64,Completed
PAY-8871,ORD-5333,09-01-2024,Credit Card,33.75,Completed
PAY-8872,ORD-5334,07-01-2024,Credit Card,45,Completed
PAY-8873,ORD-5335,01-10-2024,Apple Pay,48.3,Completed
PAY-8876,ORD-5336,24-02-2024,Google Pay,11.25,Completed
PAY-8877,ORD-5337,08-04-2024,Apple Pay,32.35,Completed
PAY-8880,ORD-5338,23-08-2024,Debit Card,33.95,Completed
PAY-8882,ORD-5339,30-11-2024,PayPal,10.5,Completed
PAY-8883,ORD-5340,12-07-2024,Google Pay,62.2,Completed
PAY-8887,ORD-5341,05-02-2025,Apple Pay,11.55,Completed
PAY-8890,ORD-5342,30-03-2025,Credit Card,42,Completed
PAY-8894,ORD-5343,01-04-2024,Apple Pay,69,Completed
PAY-8897,ORD-5344,20-04-2025,Debit Card,4.35,Completed
PAY-8898,ORD-5345,03-05-2024,Apple Pay,107.5,Completed
PAY-8902,ORD-5346,10-02-2024,PayPal,16.4,Completed
PAY-8905,ORD-5347,05-11-2024,Google Pay,72.1,Completed
PAY-8909,ORD-5348,10-10-2024,Debit Card,42.15,Completed
PAY-8913,ORD-5349,12-02-2025,Debit Card,16.5,Completed
PAY-8915,ORD-5350,13-07-2024,Debit Card,46.5,Completed
PAY-8917,ORD-5351,16-02-2024,Credit Card,11.6,Completed
PAY-8918,ORD-5352,24-01-2025,Credit Card,27,Completed
PAY-8921,ORD-5353,11-10-2024,Apple Pay,28,Completed
PAY-8925,ORD-5354,18-03-2025,Debit Card,73.75,Completed
PAY-8929,ORD-5355,19-10-2024,Google Pay,13.2,Completed
PAY-8931,ORD-5356,03-06-2024,Google Pay,26.25,Completed
PAY-8934,ORD-5357,02-06-2024,Credit Card,49.5,Completed
PAY-8938,ORD-5358,11-11-2024,Credit Card,15,Completed
PAY-8940,ORD-5359,21-07-2024,Google Pay,56.5,Completed
PAY-8943,ORD-5360,21-02-2025,Google Pay,20.7,Completed
PAY-8945,ORD-5361,02-09-2024,Google Pay,77.7,Completed
PAY-8948,ORD-5362,08-09-2024,PayPal,27.65,Refunded
PAY-8950,ORD-5363,28-02-2024,Apple Pay,26.6,Completed
PAY-8952,ORD-5364,08-10-2024,PayPal,36,Completed
PAY-8953,ORD-5365,17-04-2024,Google Pay,71.5,Completed
PAY-8957,ORD-5366,20-11-2024,Apple Pay,42.35,Completed
PAY-8960,ORD-5367,07-02-2024,Debit Card,75.15,Completed
PAY-8964,ORD-5368,05-10-2024,PayPal,30,Completed
PAY-8965,ORD-5369,03-04-2025,Credit Card,6,Completed
PAY-8966,ORD-5370,06-12-2024,Google Pay,29.6,Completed
PAY-8969,ORD-5371,27-11-2024,Credit Card,74,Completed
PAY-8973,ORD-5372,18-09-2024,Apple Pay,39,Completed
PAY-8975,ORD-5373,13-12-2024,Credit Card,9.5,Completed
PAY-8977,ORD-5374,31-07-2024,PayPal,18,Completed
PAY-8978,ORD-5375,27-06-2024,Apple Pay,70,Completed
PAY-8981,ORD-5376,31-08-2024,Credit Card,42,Completed
PAY-8982,ORD-5377,19-08-2024,Google Pay,27,Completed
PAY-8985,ORD-5378,27-11-2024,Apple Pay,3.6,Completed
PAY-8986,ORD-5379,04-05-2024,Credit Card,33.75,Completed
PAY-8988,ORD-5380,24-08-2024,PayPal,38.6,Completed
PAY-8990,ORD-5381,23-11-2024,Credit Card,65.85,Completed
PAY-8994,ORD-5382,03-01-2024,PayPal,67.25,Completed
PAY-8996,ORD-5383,22-10-2024,Debit Card,45,Completed
PAY-8997,ORD-5384,06-07-2024,Google Pay,28.7,Completed
PAY-9000,ORD-5385,23-11-2024,PayPal,16,Completed
PAY-9003,ORD-5386,29-06-2024,Debit Card,59.7,Completed
PAY-9007,ORD-5387,10-12-2024,Debit Card,12.25,Completed
PAY-9009,ORD-5388,03-04-2024,Apple Pay,62.25,Completed
PAY-9012,ORD-5389,21-10-2024,Debit Card,93.85,Refunded
PAY-9016,ORD-5390,26-03-2024,Google Pay,32.55,Completed
PAY-9020,ORD-5391,05-01-2024,Google Pay,65.15,Completed
PAY-9024,ORD-5392,16-12-2024,PayPal,70.1,Completed
PAY-9028,ORD-5393,11-02-2025,Credit Card,7.25,Completed
PAY-9030,ORD-5394,27-05-2024,Google Pay,52,Refunded
PAY-9032,ORD-5395,27-01-2025,Credit Card,101.25,Completed
PAY-9036,ORD-5396,04-10-2024,Debit Card,60,Completed
PAY-9037,ORD-5397,06-10-2024,Debit Card,54,Completed
PAY-9039,ORD-5398,06-05-2024,PayPal,24.7,Completed
PAY-9042,ORD-5399,19-03-2025,Google Pay,20,Completed
PAY-9043,ORD-5400,19-02-2025,Debit Card,44.15,Completed
PAY-9046,ORD-5401,12-03-2024,Apple Pay,13.8,Completed
PAY-9048,ORD-5402,28-06-2024,Google Pay,41.1,Completed
PAY-9051,ORD-5403,20-10-2024,PayPal,33.4,Completed
PAY-9054,ORD-5404,21-05-2024,PayPal,17.85,Completed
PAY-9056,ORD-5405,13-06-2024,Debit Card,73,Completed
PAY-9058,ORD-5406,22-10-2024,PayPal,42.9,Completed
PAY-9061,ORD-5407,17-02-2024,PayPal,103.4,Completed
PAY-9065,ORD-5408,02-01-2024,Credit Card,36,Completed
PAY-9066,ORD-5409,06-12-2024,PayPal,58.4,Completed
PAY-9069,ORD-5410,26-02-2025,Apple Pay,30,Completed
PAY-9071,ORD-5411,07-10-2024,PayPal,38,Completed
PAY-9073,ORD-5412,25-01-2025,Apple Pay,3,Completed
PAY-9074,ORD-5413,05-02-2025,Google Pay,48.1,Completed
PAY-9078,ORD-5414,18-12-2024,Google Pay,14,Completed
PAY-9080,ORD-5415,01-12-2024,Google Pay,34,Completed
PAY-9083,ORD-5416,21-07-2024,Apple Pay,98.75,Completed
PAY-9086,ORD-5417,26-12-2024,PayPal,6,Completed
PAY-9087,ORD-5418,09-02-2024,Google Pay,45.25,Completed
PAY-9089,ORD-5419,05-01-2024,Apple Pay,27,Completed
PAY-9090,ORD-5420,16-03-2025,PayPal,48.65,Completed
PAY-9094,ORD-5421,22-02-2024,Debit Card,38.7,Completed
PAY-9097,ORD-5422,12-12-2024,Google Pay,14.5,Completed
PAY-9099,ORD-5423,28-11-2024,Credit Card,39,Refunded
PAY-9101,ORD-5424,18-01-2025,Google Pay,32.1,Completed
PAY-9103,ORD-5425,14-02-2024,Debit Card,3.2,Completed
PAY-9104,ORD-5426,08-01-2025,Apple Pay,34.65,Refunded
PAY-9108,ORD-5427,10-10-2024,Credit Card,82.3,Completed
PAY-9111,ORD-5428,06-11-2024,Google Pay,47.45,Refunded
PAY-9113,ORD-5429,05-02-2025,Debit Card,30.5,Completed
PAY-9115,ORD-5430,22-11-2024,Credit Card,3.75,Completed
PAY-9116,ORD-5431,23-04-2025,Google Pay,46.7,Completed
PAY-9119,ORD-5432,15-12-2024,Apple Pay,50,Completed
PAY-9121,ORD-5433,27-10-2024,Credit Card,7.5,Completed
PAY-9122,ORD-5434,21-01-2024,Google Pay,35,Completed
PAY-9123,ORD-5435,26-05-2024,Debit Card,79.8,Completed
PAY-9127,ORD-5436,22-05-2024,Debit Card,2.9,Completed
PAY-9128,ORD-5437,16-04-2025,Credit Card,37.5,Completed
PAY-9130,ORD-5438,27-10-2024,Google Pay,17.4,Completed
PAY-9131,ORD-5439,08-01-2025,Google Pay,16.5,Completed
PAY-9133,ORD-5440,20-08-2024,Apple Pay,15.95,Completed
PAY-9134,ORD-5441,02-12-2024,Debit Card,15,Completed
PAY-9136,ORD-5442,06-01-2024,Credit Card,54.75,Completed
PAY-9138,ORD-5443,12-05-2024,Google Pay,30,Completed
PAY-9140,ORD-5444,29-03-2025,Google Pay,5,Completed
PAY-9141,ORD-5445,17-02-2025,Apple Pay,67.95,Completed
PAY-9145,ORD-5446,21-08-2024,Google Pay,43.6,Completed
PAY-9148,ORD-5447,10-05-2024,Debit Card,11,Completed
PAY-9149,ORD-5448,29-02-2024,Google Pay,42,Completed
PAY-9151,ORD-5449,05-05-2024,Apple Pay,21,Completed
PAY-9152,ORD-5450,16-04-2025,Google Pay,46.6,Completed
PAY-9154,ORD-5451,01-12-2024,Debit Card,48.75,Completed
PAY-9158,ORD-5452,09-07-2024,Google Pay,41.25,Completed
PAY-9159,ORD-5453,01-04-2024,Debit Card,55.5,Completed
PAY-9161,ORD-5454,25-03-2025,Credit Card,71,Completed
PAY-9165,ORD-5455,07-07-2024,Google Pay,39.5,Completed
PAY-9167,ORD-5456,14-11-2024,Apple Pay,29,Completed
PAY-9169,ORD-5457,01-02-2025,PayPal,60.5,Completed
PAY-9171,ORD-5458,04-01-2024,PayPal,51.9,Completed
PAY-9175,ORD-5459,23-01-2025,Google Pay,69.9,Completed
PAY-9179,ORD-5460,08-09-2024,Debit Card,19.2,Refunded
PAY-9180,ORD-5461,17-02-2024,PayPal,13.05,Completed
PAY-9181,ORD-5462,24-12-2024,PayPal,70.5,Completed
PAY-9184,ORD-5463,22-11-2024,Apple Pay,47.15,Completed
PAY-9188,ORD-5464,13-05-2024,PayPal,104,Completed
PAY-9191,ORD-5465,19-05-2024,PayPal,22,Completed
PAY-9193,ORD-5466,20-03-2024,Debit Card,12.8,Completed
PAY-9194,ORD-5467,09-06-2024,Debit Card,58.5,Completed
PAY-9198,ORD-5468,16-02-2024,Credit Card,72.4,Completed
PAY-9200,ORD-5469,04-11-2024,Apple Pay,8.7,Completed
PAY-9201,ORD-5470,16-02-2024,Debit Card,21.25,Completed
PAY-9203,ORD-5471,02-06-2024,Google Pay,34.7,Completed
PAY-9206,ORD-5472,18-01-2025,Apple Pay,16.5,Completed
PAY-9208,ORD-5473,07-01-2024,PayPal,8.8,Completed
PAY-9209,ORD-5474,11-04-2024,Apple Pay,60.7,Completed
PAY-9213,ORD-5475,12-01-2024,Apple Pay,15.95,Completed
PAY-9214,ORD-5476,18-02-2025,Debit Card,10.5,Refunded
PAY-9216,ORD-5477,26-01-2024,Credit Card,33.4,Completed
PAY-9218,ORD-5478,11-09-2024,Google Pay,24.75,Completed
PAY-9219,ORD-5479,29-03-2024,Apple Pay,22.1,Completed
PAY-9222,ORD-5480,10-11-2024,Debit Card,30.5,Completed
PAY-9224,ORD-5481,02-09-2024,Debit Card,7.5,Completed
PAY-9225,ORD-5482,11-03-2024,Debit Card,121.9,Completed
PAY-9229,ORD-5483,14-07-2024,Apple Pay,96.5,Completed
PAY-9232,ORD-5484,13-06-2024,PayPal,24.85,Completed
PAY-9236,ORD-5485,18-02-2025,Google Pay,82.85,Completed
PAY-9240,ORD-5486,03-05-2024,Google Pay,58,Completed
PAY-9243,ORD-5487,23-04-2025,PayPal,12.4,Completed
PAY-9245,ORD-5488,23-12-2024,Credit Card,80,Completed
PAY-9248,ORD-5489,13-03-2024,Credit Card,36.35,Completed
PAY-9250,ORD-5490,08-09-2024,Credit Card,1.5,Completed
PAY-9251,ORD-5491,04-11-2024,Apple Pay,17,Completed
PAY-9253,ORD-5492,14-04-2025,Debit Card,45,Completed
PAY-9255,ORD-5493,15-04-2025,Credit Card,31,Completed
PAY-9258,ORD-5494,26-02-2024,Credit Card,81,Completed
PAY-9261,ORD-5495,21-06-2024,Google Pay,51.45,Completed
PAY-9264,ORD-5496,28-11-2024,PayPal,70.2,Refunded
PAY-9267,ORD-5497,06-12-2024,Credit Card,65.25,Completed
PAY-9269,ORD-5498,06-03-2024,Credit Card,49.5,Completed
PAY-9271,ORD-5499,11-03-2025,Google Pay,16,Completed
PAY-9272,ORD-5500,16-04-2025,Google Pay,24,Completed
PAY-9274,ORD-5501,18-06-2024,PayPal,8.7,Completed
PAY-9275,ORD-5502,26-03-2024,PayPal,26.4,Completed
PAY-9276,ORD-5503,23-11-2024,Apple Pay,26.7,Completed
PAY-9279,ORD-5504,28-06-2024,Credit Card,25,Completed
PAY-9282,ORD-5505,10-01-2025,Debit Card,62.7,Completed
PAY-9286,ORD-5506,07-02-2025,Debit Card,14.3,Completed
PAY-9288,ORD-5507,11-01-2024,Credit Card,23.1,Completed
PAY-9291,ORD-5508,09-01-2025,Credit Card,7.5,Completed
PAY-9292,ORD-5509,31-10-2024,Debit Card,52,Refunded
PAY-9296,ORD-5510,21-02-2024,Debit Card,77.8,Refunded
PAY-9299,ORD-5511,03-10-2024,Debit Card,13.3,Completed
PAY-9302,ORD-5512,19-10-2024,Credit Card,24.55,Completed
PAY-9306,ORD-5513,03-11-2024,PayPal,29.4,Completed
PAY-9310,ORD-5514,08-03-2025,PayPal,10.15,Completed
PAY-9311,ORD-5515,07-09-2024,Credit Card,52.35,Completed
PAY-9314,ORD-5516,08-07-2024,Apple Pay,15.1,Completed
PAY-9316,ORD-5517,14-05-2024,Credit Card,12,Completed
PAY-9318,ORD-5518,20-01-2025,Debit Card,16.5,Completed
PAY-9319,ORD-5519,17-02-2025,Credit Card,93.35,Completed
PAY-9323,ORD-5520,01-10-2024,Debit Card,58.4,Completed
PAY-9327,ORD-5521,14-09-2024,Credit Card,16.8,Completed
PAY-9329,ORD-5522,17-02-2025,PayPal,6.1,Completed
PAY-9331,ORD-5523,10-08-2024,Credit Card,40.2,Completed
PAY-9333,ORD-5524,12-06-2024,Apple Pay,10.5,Completed
PAY-9334,ORD-5525,22-07-2024,Debit Card,43.2,Completed
PAY-9337,ORD-5526,15-11-2024,Google Pay,27.3,Completed
PAY-9341,ORD-5527,15-10-2024,Apple Pay,25,Completed
PAY-9342,ORD-5528,26-03-2025,Apple Pay,71,Completed
PAY-9345,ORD-5529,30-08-2024,Credit Card,8,Completed
PAY-9346,ORD-5530,14-03-2024,Credit Card,77.95,Completed
PAY-9350,ORD-5531,04-04-2025,Apple Pay,27.25,Completed
PAY-9353,ORD-5532,15-03-2025,Google Pay,8.8,Completed
PAY-9354,ORD-5533,02-06-2024,Debit Card,72.3,Completed
PAY-9358,ORD-5534,14-08-2024,Debit Card,51.4,Completed
PAY-9360,ORD-5535,21-09-2024,Credit Card,20.95,Completed
PAY-9363,ORD-5536,16-09-2024,Debit Card,30.6,Completed
PAY-9367,ORD-5537,07-05-2024,Apple Pay,3.5,Completed
PAY-9368,ORD-5538,26-12-2024,Debit Card,26.3,Completed
PAY-9370,ORD-5539,22-07-2024,PayPal,1.2,Completed
PAY-9371,ORD-5540,09-07-2024,Apple Pay,44.8,Completed
PAY-9375,ORD-5541,04-03-2025,Debit Card,72,Completed
PAY-9378,ORD-5542,24-03-2024,Credit Card,13.6,Completed
PAY-9380,ORD-5543,15-04-2024,Debit Card,36.35,Completed
PAY-9383,ORD-5544,30-08-2024,Apple Pay,4.6,Completed
PAY-9385,ORD-5545,09-05-2024,PayPal,75.75,Completed
PAY-9388,ORD-5546,23-08-2024,Credit Card,65.05,Completed
PAY-9391,ORD-5547,26-10-2024,Google Pay,13.5,Completed
PAY-9392,ORD-5548,07-03-2025,Apple Pay,58.5,Completed
PAY-9395,ORD-5549,25-02-2024,Google Pay,53.4,Completed
PAY-9399,ORD-5550,01-04-2025,Apple Pay,34.35,Completed
PAY-9402,ORD-5551,04-12-2024,Apple Pay,17.7,Refunded
PAY-9405,ORD-5552,12-05-2024,Credit Card,36.25,Completed
PAY-9409,ORD-5553,06-01-2025,Credit Card,20.4,Completed
PAY-9411,ORD-5554,02-07-2024,Credit Card,42.05,Completed
PAY-9414,ORD-5555,19-02-2024,PayPal,96.6,Completed
PAY-9418,ORD-5556,05-04-2025,Google Pay,28.5,Completed
PAY-9421,ORD-5557,03-08-2024,Google Pay,24.5,Completed
PAY-9424,ORD-5558,28-01-2024,Google Pay,14,Completed
PAY-9425,ORD-5559,02-03-2024,Credit Card,34,Completed
PAY-9429,ORD-5560,28-07-2024,PayPal,60.2,Completed
PAY-9433,ORD-5561,31-03-2024,Credit Card,19,Completed
PAY-9436,ORD-5562,31-01-2025,Google Pay,10,Completed
PAY-9438,ORD-5563,10-11-2024,PayPal,50.15,Completed
PAY-9442,ORD-5564,12-04-2024,Credit Card,55.45,Completed
PAY-9445,ORD-5565,03-01-2024,Credit Card,29.9,Completed
PAY-9447,ORD-5566,22-02-2024,PayPal,50.6,Completed
PAY-9451,ORD-5567,07-01-2025,Credit Card,55.35,Completed
PAY-9454,ORD-5568,06-04-2024,Credit Card,41,Completed
PAY-9456,ORD-5569,07-01-2025,Google Pay,32.4,Completed
PAY-9458,ORD-5570,27-03-2024,PayPal,30,Completed
PAY-9459,ORD-5571,09-02-2025,PayPal,24.75,Completed
PAY-9460,ORD-5572,29-01-2025,Apple Pay,1,Completed
PAY-9461,ORD-5573,25-02-2024,Google Pay,18,Completed
PAY-9462,ORD-5574,01-08-2024,Debit Card,71.65,Completed
PAY-9466,ORD-5575,17-12-2024,PayPal,10.15,Completed
PAY-9467,ORD-5576,21-02-2024,Google Pay,28,Completed
PAY-9470,ORD-5577,03-01-2025,Credit Card,2.9,Completed
PAY-9471,ORD-5578,11-09-2024,PayPal,29,Completed
PAY-9473,ORD-5579,13-04-2024,PayPal,49.35,Completed
PAY-9476,ORD-5580,11-04-2025,Google Pay,46,Completed
PAY-9478,ORD-5581,07-01-2024,PayPal,15,Completed
PAY-9479,ORD-5582,09-09-2024,Credit Card,31.5,Completed
PAY-9481,ORD-5583,21-02-2024,Google Pay,33.9,Completed
PAY-9484,ORD-5584,21-02-2024,PayPal,13.2,Completed
PAY-9486,ORD-5585,14-02-2025,Apple Pay,32.2,Completed
PAY-9489,ORD-5586,12-03-2025,Credit Card,22.8,Completed
PAY-9491,ORD-5587,02-04-2025,Credit Card,32.2,Completed
PAY-9495,ORD-5588,23-07-2024,Google Pay,84.75,Completed
PAY-9499,ORD-5589,08-03-2024,Apple Pay,6.6,Completed
PAY-9500,ORD-5590,01-08-2024,Apple Pay,89.1,Completed
PAY-9504,ORD-5591,15-01-2024,PayPal,38.5,Completed
PAY-9506,ORD-5592,24-01-2024,Debit Card,15.95,Completed
PAY-9507,ORD-5593,07-01-2024,Apple Pay,40.95,Completed
PAY-9509,ORD-5594,24-12-2024,PayPal,24.75,Completed
PAY-9510,ORD-5595,07-05-2024,Credit Card,67.25,Completed
PAY-9514,ORD-5596,28-01-2024,Apple Pay,3.6,Completed
PAY-9515,ORD-5597,10-03-2025,Credit Card,46.2,Completed
PAY-9519,ORD-5598,22-05-2024,Debit Card,15,Completed
PAY-9520,ORD-5599,25-11-2024,Credit Card,63,Completed
PAY-9524,ORD-5600,16-08-2024,PayPal,64.5,Completed
PAY-9527,ORD-5601,30-07-2024,Google Pay,33.75,Refunded
PAY-9528,ORD-5602,26-02-2025,Google Pay,50,Completed
PAY-9529,ORD-5603,22-11-2024,Google Pay,59.3,Completed
PAY-9532,ORD-5604,05-07-2024,Apple Pay,8.8,Completed
PAY-9533,ORD-5605,18-06-2024,PayPal,103,Completed
PAY-9537,ORD-5606,02-01-2024,PayPal,86.25,Completed
PAY-9540,ORD-5607,25-12-2024,PayPal,4.5,Completed
PAY-9541,ORD-5608,12-03-2024,Apple Pay,29.8,Completed
PAY-9545,ORD-5609,22-08-2024,PayPal,37.5,Completed
PAY-9547,ORD-5610,19-04-2025,Credit Card,40,Completed
PAY-9548,ORD-5611,03-12-2024,Debit Card,48.5,Completed
PAY-9550,ORD-5612,10-10-2024,Apple Pay,113.5,Completed
PAY-9554,ORD-5613,09-01-2025,Google Pay,22.5,Completed
PAY-9556,ORD-5614,27-03-2025,Apple Pay,66.75,Completed
PAY-9559,ORD-5615,22-07-2024,Credit Card,37.8,Completed
PAY-9562,ORD-5616,24-12-2024,PayPal,102.9,Completed
PAY-9565,ORD-5617,19-11-2024,Credit Card,17.8,Completed
PAY-9567,ORD-5618,17-12-2024,Credit Card,67.5,Completed
PAY-9570,ORD-5619,21-12-2024,PayPal,69,Completed
PAY-9573,ORD-5620,19-10-2024,Google Pay,49.35,Completed
PAY-9577,ORD-5621,24-02-2024,Apple Pay,6.75,Completed
PAY-9578,ORD-5622,09-12-2024,Debit Card,7.25,Completed
PAY-9579,ORD-5623,06-02-2025,Credit Card,20.3,Completed
PAY-9581,ORD-5624,19-12-2024,Credit Card,39.65,Completed
PAY-9584,ORD-5625,11-11-2024,Apple Pay,75.75,Completed
PAY-9586,ORD-5626,18-09-2024,Apple Pay,75.75,Completed
PAY-9589,ORD-5627,09-06-2024,Credit Card,18,Completed
PAY-9590,ORD-5628,13-04-2024,Apple Pay,97.7,Completed
PAY-9594,ORD-5629,13-01-2025,Apple Pay,67.25,Completed
PAY-9596,ORD-5630,31-03-2024,Google Pay,4.8,Completed
PAY-9597,ORD-5631,20-09-2024,Apple Pay,2.25,Completed
PAY-9598,ORD-5632,22-05-2024,Apple Pay,18.8,Completed
PAY-9601,ORD-5633,29-12-2024,Debit Card,29.5,Refunded
PAY-9603,ORD-5634,31-01-2025,PayPal,75.5,Completed
PAY-9606,ORD-5635,26-09-2024,Credit Card,27.9,Completed
PAY-9608,ORD-5636,31-07-2024,Credit Card,37,Completed
PAY-9612,ORD-5637,21-04-2024,Credit Card,65.45,Completed
PAY-9616,ORD-5638,10-11-2024,Apple Pay,34,Completed
PAY-9618,ORD-5639,16-07-2024,Debit Card,68.95,Completed
PAY-9621,ORD-5640,15-02-2025,Debit Card,35.65,Completed
PAY-9625,ORD-5641,26-03-2024,Google Pay,2.4,Completed
PAY-9626,ORD-5642,09-12-2024,Google Pay,28.7,Refunded
PAY-9628,ORD-5643,02-10-2024,PayPal,95.5,Completed
PAY-9632,ORD-5644,20-01-2024,Google Pay,1.5,Completed
PAY-9633,ORD-5645,10-02-2025,PayPal,21.65,Completed
PAY-9636,ORD-5646,18-08-2024,Apple Pay,30.15,Completed
PAY-9640,ORD-5647,03-01-2025,Apple Pay,60,Completed
PAY-9641,ORD-5648,24-01-2024,PayPal,22.5,Completed
PAY-9642,ORD-5649,28-05-2024,Apple Pay,29.35,Completed
PAY-9645,ORD-5650,16-01-2024,Google Pay,95.25,Completed
PAY-9649,ORD-5651,20-11-2024,Google Pay,75.95,Completed
PAY-9651,ORD-5652,10-07-2024,Apple Pay,33.75,Refunded
PAY-9652,ORD-5653,04-03-2024,Credit Card,15,Refunded
PAY-9653,ORD-5654,20-07-2024,Google Pay,5.8,Completed
PAY-9654,ORD-5655,14-01-2025,Google Pay,25.75,Completed
PAY-9657,ORD-5656,23-04-2024,Credit Card,70.5,Completed
PAY-9660,ORD-5657,11-03-2025,PayPal,23.6,Completed
PAY-9664,ORD-5658,06-01-2025,Credit Card,44.9,Completed
PAY-9668,ORD-5659,05-02-2024,Apple Pay,41,Completed
PAY-9670,ORD-5660,03-12-2024,PayPal,67,Completed
PAY-9673,ORD-5661,07-08-2024,PayPal,14.8,Completed
PAY-9675,ORD-5662,13-01-2025,Credit Card,81.3,Completed
PAY-9679,ORD-5663,02-07-2024,Debit Card,48,Completed
PAY-9682,ORD-5664,06-03-2025,Apple Pay,39,Completed
PAY-9685,ORD-5665,09-02-2024,Google Pay,13.5,Completed
PAY-9686,ORD-5666,16-01-2024,Apple Pay,103.95,Completed
PAY-9690,ORD-5667,30-11-2024,PayPal,32,Completed
PAY-9692,ORD-5668,14-03-2025,Apple Pay,57.05,Completed
PAY-9695,ORD-5669,14-09-2024,Debit Card,4.8,Completed
PAY-9696,ORD-5670,16-12-2024,Credit Card,57.8,Completed
PAY-9698,ORD-5671,01-04-2024,Credit Card,75,Completed
PAY-9700,ORD-5672,22-04-2024,Debit Card,17.85,Completed
PAY-9704,ORD-5673,09-04-2025,Debit Card,38,Completed
PAY-9707,ORD-5674,22-02-2024,Debit Card,78.4,Completed
PAY-9710,ORD-5675,11-07-2024,Google Pay,55.15,Completed
PAY-9714,ORD-5676,26-07-2024,PayPal,42.2,Completed
PAY-9717,ORD-5677,27-03-2025,Credit Card,13.4,Completed
PAY-9719,ORD-5678,25-11-2024,Debit Card,34.15,Completed
PAY-9722,ORD-5679,22-02-2025,Credit Card,4.8,Completed
PAY-9723,ORD-5680,19-02-2025,Debit Card,75.5,Completed
PAY-9726,ORD-5681,29-10-2024,Credit Card,14.4,Completed
PAY-9728,ORD-5682,06-03-2024,Apple Pay,21.35,Completed
PAY-9730,ORD-5683,16-03-2024,Debit Card,8,Completed
PAY-9731,ORD-5684,21-09-2024,Google Pay,71.2,Completed
PAY-9735,ORD-5685,20-04-2024,Google Pay,47.4,Completed
PAY-9739,ORD-5686,14-03-2024,PayPal,29.75,Completed
PAY-9741,ORD-5687,05-01-2025,Debit Card,47.15,Completed
PAY-9744,ORD-5688,08-03-2024,Credit Card,6,Completed
PAY-9745,ORD-5689,16-03-2025,Google Pay,31.4,Completed
PAY-9749,ORD-5690,25-03-2025,PayPal,12,Completed
PAY-9750,ORD-5691,07-03-2024,PayPal,55,Completed
PAY-9751,ORD-5692,08-08-2024,Debit Card,92,Completed
PAY-9755,ORD-5693,14-07-2024,Apple Pay,74,Completed
PAY-9758,ORD-5694,09-03-2024,Credit Card,32.9,Completed
PAY-9761,ORD-5695,28-07-2024,Apple Pay,60.45,Completed
PAY-9764,ORD-5696,24-09-2024,Google Pay,3.75,Completed
PAY-9765,ORD-5697,01-12-2024,Apple Pay,40.5,Completed
PAY-9767,ORD-5698,20-03-2024,Google Pay,61.55,Completed
PAY-9771,ORD-5699,09-11-2024,Apple Pay,48.65,Completed
PAY-9774,ORD-5700,04-09-2024,Credit Card,52.5,Completed
PAY-9776,ORD-5701,06-06-2024,Apple Pay,104.6,Completed
PAY-9779,ORD-5702,17-01-2025,Apple Pay,45.2,Completed
PAY-9781,ORD-5703,17-09-2024,Debit Card,101.4,Refunded
PAY-9785,ORD-5704,23-03-2024,Credit Card,52.8,Completed
PAY-9789,ORD-5705,15-02-2024,Debit Card,5.8,Completed
PAY-9790,ORD-5706,10-02-2024,PayPal,31.5,Completed
PAY-9791,ORD-5707,10-11-2024,PayPal,59.1,Completed
PAY-9794,ORD-5708,06-01-2024,Credit Card,69.2,Completed
PAY-9796,ORD-5709,09-04-2024,Google Pay,50,Completed
PAY-9797,ORD-5710,21-09-2024,Apple Pay,4.2,Completed
PAY-9799,ORD-5711,02-05-2024,Apple Pay,3.2,Completed
PAY-9800,ORD-5712,03-02-2025,Credit Card,51,Completed
PAY-9804,ORD-5713,26-12-2024,Credit Card,13.5,Completed
PAY-9805,ORD-5714,06-01-2025,PayPal,38.6,Completed
PAY-9808,ORD-5715,21-10-2024,Google Pay,4.35,Completed
PAY-9809,ORD-5716,16-09-2024,Apple Pay,7.5,Completed
PAY-9810,ORD-5717,30-05-2024,Debit Card,48.55,Completed
PAY-9813,ORD-5718,21-12-2024,Google Pay,106.5,Completed
PAY-9817,ORD-5719,23-08-2024,Apple Pay,7,Completed
PAY-9818,ORD-5720,04-02-2024,Google Pay,41.4,Completed
PAY-9822,ORD-5721,01-10-2024,Debit Card,22.5,Completed
PAY-9823,ORD-5722,27-05-2024,Debit Card,24.75,Completed
PAY-9824,ORD-5723,24-02-2025,Debit Card,41.3,Refunded
PAY-9827,ORD-5724,02-04-2025,Credit Card,66,Completed
PAY-9830,ORD-5725,30-04-2024,Debit Card,16.8,Completed
PAY-9832,ORD-5726,03-03-2025,PayPal,29.5,Completed
PAY-9834,ORD-5727,24-02-2024,PayPal,16.5,Completed
PAY-9835,ORD-5728,09-09-2024,Debit Card,45,Completed
PAY-9836,ORD-5729,10-03-2025,PayPal,60.5,Completed
PAY-9840,ORD-5730,13-04-2025,PayPal,60.6,Completed
PAY-9843,ORD-5731,13-02-2025,Credit Card,86.7,Completed
PAY-9847,ORD-5732,30-03-2024,Debit Card,79.5,Completed
PAY-9851,ORD-5733,17-04-2024,Apple Pay,36.4,Completed
PAY-9855,ORD-5734,01-05-2024,PayPal,62.8,Completed
PAY-9858,ORD-5735,17-04-2024,Credit Card,72.1,Completed
PAY-9862,ORD-5736,21-10-2024,Debit Card,26.9,Completed
PAY-9864,ORD-5737,11-10-2024,Apple Pay,92.55,Completed
PAY-9868,ORD-5738,31-03-2024,PayPal,95.45,Completed
PAY-9872,ORD-5739,02-06-2024,Credit Card,66,Completed
PAY-9875,ORD-5740,31-01-2024,Apple Pay,49.5,Completed
PAY-9877,ORD-5741,18-08-2024,PayPal,49.95,Completed
PAY-9880,ORD-5742,11-01-2024,Debit Card,47.2,Completed
PAY-9884,ORD-5743,28-11-2024,Google Pay,40,Refunded
PAY-9886,ORD-5744,18-09-2024,Debit Card,101.1,Completed
PAY-9890,ORD-5745,15-03-2024,Debit Card,31.95,Completed
PAY-9892,ORD-5746,19-10-2024,Debit Card,33.9,Refunded
PAY-9896,ORD-5747,29-05-2024,Google Pay,43.25,Completed
PAY-9899,ORD-5748,27-10-2024,Google Pay,43.5,Completed
PAY-9903,ORD-5749,15-01-2025,Apple Pay,4.35,Completed
PAY-9904,ORD-5750,22-02-2024,Credit Card,12,Completed
PAY-9905,ORD-5751,28-01-2024,Credit Card,35,Completed
PAY-9906,ORD-5752,26-01-2025,Google Pay,7.5,Completed
PAY-9907,ORD-5753,20-03-2024,Credit Card,8.4,Completed
PAY-9908,ORD-5754,27-04-2024,PayPal,61,Completed
PAY-9910,ORD-5755,08-03-2024,Credit Card,8.7,Completed
PAY-9912,ORD-5756,18-03-2025,Google Pay,95.55,Completed
PAY-9916,ORD-5757,29-10-2024,Google Pay,59.85,Completed
PAY-9920,ORD-5758,07-06-2024,Debit Card,51.9,Completed
PAY-9923,ORD-5759,30-07-2024,Credit Card,20.75,Completed
PAY-9926,ORD-5760,26-05-2024,Apple Pay,81.2,Completed
PAY-9930,ORD-5761,08-08-2024,Credit Card,31.5,Refunded
PAY-9933,ORD-5762,29-07-2024,Apple Pay,93.45,Completed
PAY-9937,ORD-5763,14-05-2024,Debit Card,24.75,Completed
PAY-9938,ORD-5764,21-09-2024,Google Pay,81.45,Completed
PAY-9941,ORD-5765,06-04-2024,Debit Card,4.8,Completed
PAY-9942,ORD-5766,26-02-2024,Apple Pay,42.1,Completed
PAY-9946,ORD-5767,18-03-2024,Debit Card,3.75,Completed
PAY-9947,ORD-5768,22-02-2024,Debit Card,44.85,Completed
PAY-9950,ORD-5769,16-02-2024,Apple Pay,20.7,Completed
PAY-9952,ORD-5770,08-06-2024,Credit Card,36.1,Completed
PAY-9956,ORD-5771,16-05-2024,Apple Pay,46.65,Completed
PAY-9960,ORD-5772,03-03-2024,Apple Pay,35.4,Completed
PAY-9962,ORD-5773,11-04-2024,Debit Card,86.6,Completed
PAY-9966,ORD-5774,24-04-2025,Apple Pay,62.6,Completed
PAY-9969,ORD-5775,03-03-2024,Apple Pay,46.8,Completed
PAY-9972,ORD-5776,21-04-2024,Google Pay,15.95,Completed
PAY-9973,ORD-5777,15-06-2024,PayPal,8,Completed
PAY-9974,ORD-5778,02-03-2024,Apple Pay,75.5,Refunded
PAY-9978,ORD-5779,20-03-2024,Google Pay,21.35,Refunded
PAY-9981,ORD-5780,12-11-2024,Credit Card,84,Completed
PAY-9984,ORD-5781,25-12-2024,Google Pay,12.8,Completed
PAY-9985,ORD-5782,11-06-2024,Credit Card,76,Completed
PAY-9988,ORD-5783,02-07-2024,Debit Card,43.45,Completed
PAY-9990,ORD-5784,13-10-2024,Google Pay,62,Completed
PAY-9993,ORD-5785,27-06-2024,Google Pay,70.3,Completed
PAY-9996,ORD-5786,05-02-2024,PayPal,28.5,Completed
PAY-9998,ORD-5787,06-07-2024,Apple Pay,71.25,Completed
PAY-10002,ORD-5788,01-02-2025,Apple Pay,46.5,Completed
PAY-10004,ORD-5789,23-02-2025,Debit Card,83.65,Completed
PAY-10008,ORD-5790,14-06-2024,Debit Card,52.95,Completed
PAY-10012,ORD-5791,01-04-2024,Apple Pay,2.9,Completed
PAY-10013,ORD-5792,08-04-2024,Credit Card,15,Completed
PAY-10014,ORD-5793,04-03-2025,Debit Card,93.55,Refunded
PAY-10018,ORD-5794,23-04-2024,Apple Pay,6,Completed
PAY-10019,ORD-5795,08-09-2024,Debit Card,38.5,Completed
PAY-10020,ORD-5796,03-07-2024,Apple Pay,101.25,Completed
PAY-10024,ORD-5797,10-01-2025,PayPal,11,Completed
PAY-10025,ORD-5798,20-04-2024,Debit Card,18,Completed
PAY-10026,ORD-5799,29-09-2024,Credit Card,65.15,Completed
